"Class","Library","Total Instances","Total Size","Total Dart Heap Size","Total External Size","New Space Instances","New Space Size","New Space Dart Heap Size","New Space External Size","Old Space Instances","Old Space Size","Old Space Dart Heap Size","Old Space External Size"
LucideIconData,package:lucide_icons_flutter/src/icon_data.dart,28,896,896,0,0,0,0,0,28,896,896,0
MapEventSource,package:flutter_map/src/gestures/map_events.dart,19,608,608,0,0,0,0,0,19,608,608,0
Permission,package:permission_handler_platform_interface/permission_handler_platform_interface.dart,35,560,560,0,0,0,0,0,35,560,560,0
Strategy,package:clerk_auth/src/models/client/strategy.dart,31,496,496,0,0,0,0,0,31,496,496,0
UserAttributeData,package:clerk_auth/src/models/environment/user_attribute_data.dart,10,480,480,0,0,0,0,0,10,480,480,0
_InheritedProviderScopeElement,package:provider/src/provider.dart,5,480,480,0,0,0,0,0,5,480,480,0
ClerkErrorCode,package:clerk_auth/src/clerk_auth/clerk_error.dart,15,480,480,0,0,0,0,0,15,480,480,0
UserAttribute,package:clerk_auth/src/models/enums.dart,11,352,352,0,0,0,0,0,11,352,352,0
DisplayConfig,package:clerk_auth/src/models/environment/display_config.dart,2,320,320,0,0,0,0,0,2,320,320,0
ConnectivityResult,package:connectivity_plus_platform_interface/src/enums.dart,8,256,256,0,0,0,0,0,8,256,256,0
_CreateInheritedProviderState,package:provider/src/provider.dart,5,240,240,0,0,0,0,0,5,240,240,0
_AuthField,package:roomora/views/pages/Auth/sign_up_page.dart,5,240,240,0,0,0,0,0,5,240,240,0
ChangeNotifierProvider,package:provider/src/change_notifier_provider.dart,5,240,240,0,0,0,0,0,5,240,240,0
Status,package:clerk_auth/src/models/status.dart,14,224,224,0,0,0,0,0,14,224,224,0
SocialConnection,package:clerk_auth/src/models/environment/social_connection.dart,4,192,192,0,0,0,0,0,4,192,192,0
PermissionStatus,package:permission_handler_platform_interface/permission_handler_platform_interface.dart,6,192,192,0,0,0,0,0,6,192,192,0
_CreateInheritedProvider,package:provider/src/provider.dart,5,160,160,0,0,0,0,0,5,160,160,0
Matrix4,package:vector_math/vector_math_64.dart,10,160,160,0,4,64,64,0,6,96,96,0
Config,package:clerk_auth/src/models/environment/config.dart,2,160,160,0,0,0,0,0,2,160,160,0
_InheritedProviderScope,package:provider/src/provider.dart,5,160,160,0,0,0,0,0,5,160,160,0
_JFinalizable,package:jni/src/jreference.dart,5,144,80,64,0,0,0,0,5,144,80,64
PasswordSettings,package:clerk_auth/src/models/environment/password_settings.dart,2,128,128,0,0,0,0,0,2,128,128,0
Field,package:clerk_auth/src/models/client/field.dart,8,128,128,0,0,0,0,0,8,128,128,0
ExternalError,package:clerk_auth/src/models/api/external_error.dart,4,128,128,0,0,0,0,0,4,128,128,0
LocationPermission,package:geolocator_platform_interface/src/enums/location_permission.dart,4,128,128,0,0,0,0,0,4,128,128,0
UserSettings,package:clerk_auth/src/models/environment/user_settings.dart,2,128,128,0,0,0,0,0,2,128,128,0
JGlobalReference,package:jni/src/jreference.dart,4,128,128,0,0,0,0,0,4,128,128,0
HttpMethod,package:clerk_auth/src/clerk_auth/http_service.dart,4,128,128,0,0,0,0,0,4,128,128,0
_FeatureChip,package:roomora/views/pages/landing_page.dart,3,96,96,0,0,0,0,0,3,96,96,0
InteractionOptions,package:flutter_map/src/map/options/interaction.dart,1,96,96,0,0,0,0,0,1,96,96,0
EnrollmentMode,package:clerk_auth/src/models/enums.dart,3,96,96,0,0,0,0,0,3,96,96,0
InstanceType,package:clerk_auth/src/models/enums.dart,3,96,96,0,0,0,0,0,3,96,96,0
Permission,package:clerk_auth/src/models/client/permission.dart,6,96,96,0,0,0,0,0,6,96,96,0
OrganizationSettings,package:clerk_auth/src/models/environment/organization_settings.dart,2,96,96,0,0,0,0,0,2,96,96,0
Client,package:clerk_auth/src/models/client/client.dart,2,96,96,0,0,0,0,0,2,96,96,0
ClerkAuthState,package:clerk_flutter/src/clerk_auth_state.dart,1,96,96,0,0,0,0,0,1,96,96,0
ResolvedAdapter,package:hive/src/registry/type_registry_impl.dart,3,96,96,0,0,0,0,0,3,96,96,0
ClerkAuthConfig,package:clerk_flutter/src/utils/clerk_auth_config.dart,1,80,80,0,0,0,0,0,1,80,80,0
PermissionWithService,package:permission_handler_platform_interface/permission_handler_platform_interface.dart,5,80,80,0,0,0,0,0,5,80,80,0
JniBindings,package:jni/src/third_party/jni_bindings_generated.dart,1,80,80,0,0,0,0,0,1,80,80,0
SignUpViewModel,package:roomora/viewmodels/Auth/sign_up_viewmodel.dart,1,80,80,0,0,0,0,0,1,80,80,0
_NestedHookElement,package:nested/nested.dart,1,80,80,0,0,0,0,0,1,80,80,0
SingleChildStatelessElement,package:nested/nested.dart,1,80,80,0,0,0,0,0,1,80,80,0
_NestedElement,package:nested/nested.dart,1,80,80,0,0,0,0,0,1,80,80,0
UsernameSettings,package:clerk_auth/src/models/environment/username_settings.dart,2,64,64,0,0,0,0,0,2,64,64,0
SignUpSettings,package:clerk_auth/src/models/environment/sign_up_settings.dart,2,64,64,0,0,0,0,0,2,64,64,0
AnimationDirection,package:octo_image/src/image/fade_widget.dart,2,64,64,0,0,0,0,0,2,64,64,0
ProgressIndicatorWidget,package:roomora/views/widgets/progress_indicator.dart,2,64,64,0,0,0,0,0,2,64,64,0
UserLockout,package:clerk_auth/src/models/environment/attack_protection.dart,2,64,64,0,0,0,0,0,2,64,64,0
_RoleChip,package:roomora/views/pages/Auth/sign_up_page.dart,2,64,64,0,0,0,0,0,2,64,64,0
ClerkError,package:clerk_auth/src/clerk_auth/clerk_error.dart,2,64,64,0,0,0,0,0,2,64,64,0
_FlutterMapAspect,package:flutter_map/src/map/inherited_model.dart,2,64,64,0,0,0,0,0,2,64,64,0
Actions,package:clerk_auth/src/models/environment/actions.dart,2,64,64,0,0,0,0,0,2,64,64,0
AttackProtection,package:clerk_auth/src/models/environment/attack_protection.dart,2,64,64,0,0,0,0,0,2,64,64,0
HousingSituation,package:roomora/viewmodels/Onboarding/onboarding_viewmodel.dart,2,64,64,0,0,0,0,0,2,64,64,0
GlobalJniEnv,package:jni/src/third_party/global_env_extensions.dart,1,64,64,0,0,0,0,0,1,64,64,0
DomainSettings,package:clerk_auth/src/models/environment/domain_settings.dart,2,64,64,0,0,0,0,0,2,64,64,0
Environment,package:clerk_auth/src/models/environment/environment.dart,2,64,64,0,0,0,0,0,2,64,64,0
_SignUpViewState,package:roomora/views/pages/Auth/sign_up_page.dart,1,64,64,0,0,0,0,0,1,64,64,0
Stage,package:clerk_auth/src/models/enums.dart,2,64,64,0,0,0,0,0,2,64,64,0
_AvatarBubble,package:roomora/views/pages/Auth/sign_in_page.dart,2,64,64,0,0,0,0,0,2,64,64,0
Restrictions,package:clerk_auth/src/models/environment/restrictions.dart,2,64,64,0,0,0,0,0,2,64,64,0
UserSession,package:roomora/models/user_session.dart,1,48,48,0,0,0,0,0,1,48,48,0
JClass,package:jni/src/types.dart,3,48,48,0,0,0,0,0,3,48,48,0
TokenCache,package:clerk_auth/src/clerk_api/token_cache.dart,1,48,48,0,0,0,0,0,1,48,48,0
_Transformation,package:flutter_map/src/geo/crs.dart,1,48,48,0,0,0,0,0,1,48,48,0
DiscoverPage,package:roomora/views/pages/discover_page.dart,3,48,48,0,0,0,0,0,3,48,48,0
SqfliteDatabaseFactoryImpl,package:sqflite_platform_interface/src/factory_platform.dart,1,32,32,0,0,0,0,0,1,32,32,0
PasskeySettings,package:clerk_auth/src/models/environment/passkey_settings.dart,2,32,32,0,0,0,0,0,2,32,32,0
CacheManagerLogLevel,package:flutter_cache_manager/src/logger.dart,1,32,32,0,0,0,0,0,1,32,32,0
OrganizationActions,package:clerk_auth/src/models/environment/organization_actions.dart,2,32,32,0,0,0,0,0,2,32,32,0
_ClerkAuthData,package:clerk_flutter/src/widgets/control/clerk_auth.dart,1,32,32,0,0,0,0,0,1,32,32,0
_RootViewState,package:roomora/main.dart,1,32,32,0,0,0,0,0,1,32,32,0
_ClerkOverlayHostState,package:clerk_flutter/src/widgets/ui/clerk_overlay_host.dart,1,32,32,0,0,0,0,0,1,32,32,0
_NestedHook,package:nested/nested.dart,1,32,32,0,0,0,0,0,1,32,32,0
BigIntAdapter,package:hive/src/adapters/big_int_adapter.dart,1,32,32,0,0,0,0,0,1,32,32,0
CursorKeyboardRotationOptions,package:flutter_map/src/map/options/cursor_keyboard_rotation.dart,1,32,32,0,0,0,0,0,1,32,32,0
DateTimeAdapter,package:hive/src/adapters/date_time_adapter.dart,1,32,32,0,0,0,0,0,1,32,32,0
ClerkAuth,package:clerk_flutter/src/widgets/control/clerk_auth.dart,1,32,32,0,0,0,0,0,1,32,32,0
Telemetry,package:clerk_auth/src/clerk_api/telemetry.dart,1,32,32,0,0,0,0,0,1,32,32,0
Api,package:clerk_auth/src/clerk_api/api.dart,1,32,32,0,0,0,0,0,1,32,32,0
RetinaMode,package:flutter_map/src/layer/tile_layer/tile_layer.dart,1,32,32,0,0,0,0,0,1,32,32,0
SignInSettings,package:clerk_auth/src/models/environment/sign_in_settings.dart,2,32,32,0,0,0,0,0,2,32,32,0
EvictErrorTileStrategy,package:flutter_map/src/layer/tile_layer/tile_layer.dart,1,32,32,0,0,0,0,0,1,32,32,0
Epsg3857,package:flutter_map/src/geo/crs.dart,1,32,32,0,0,0,0,0,1,32,32,0
CursorRotationBehaviour,package:flutter_map/src/map/options/cursor_keyboard_rotation.dart,1,32,32,0,0,0,0,0,1,32,32,0
FadeInTileDisplay,package:flutter_map/src/layer/tile_layer/tile_display.dart,1,32,32,0,0,0,0,0,1,32,32,0
Bounds,package:flutter_map/src/misc/bounds.dart,1,32,32,0,0,0,0,0,1,32,32,0
SingleChildBuilder,package:nested/nested.dart,1,32,32,0,0,0,0,0,1,32,32,0
HiveImpl,package:hive/src/hive_impl.dart,1,32,32,0,0,0,0,0,1,32,32,0
MultiProvider,package:provider/src/provider.dart,1,32,32,0,0,0,0,0,1,32,32,0
OnboardingView,package:roomora/views/pages/Onboarding/onboarding_page.dart,2,32,32,0,0,0,0,0,2,32,32,0
JInstanceMethodId,package:jni/src/types.dart,2,32,32,0,0,0,0,0,2,32,32,0
DateTimeWithTimezoneAdapter,package:hive/src/adapters/date_time_adapter.dart,1,32,32,0,0,0,0,0,1,32,32,0
DefaultCachingPersistor,package:clerk_flutter/src/utils/default_caching_persistor.dart,1,32,32,0,0,0,0,0,1,32,32,0
ClerkOverlayHost,package:clerk_flutter/src/widgets/ui/clerk_overlay_host.dart,1,32,32,0,0,0,0,0,1,32,32,0
LocationAccuracy,package:geolocator_platform_interface/src/enums/location_accuracy.dart,1,32,32,0,0,0,0,0,1,32,32,0
_PlaceholderType,package:octo_image/src/image/image_handler.dart,1,32,32,0,0,0,0,0,1,32,32,0
CustomButton,package:roomora/views/widgets/custom_button.dart,1,32,32,0,0,0,0,0,1,32,32,0
_LandingOutlineButton,package:roomora/views/pages/landing_page.dart,1,32,32,0,0,0,0,0,1,32,32,0
_LandingGradientButton,package:roomora/views/pages/landing_page.dart,1,32,32,0,0,0,0,0,1,32,32,0
Vector2,package:vector_math/vector_math_64.dart,2,32,32,0,0,0,0,0,2,32,32,0
_ClerkAuthState,package:clerk_flutter/src/widgets/control/clerk_auth.dart,1,32,32,0,0,0,0,0,1,32,32,0
RootView,package:roomora/main.dart,1,16,16,0,0,0,0,0,1,16,16,0
SignInView,package:roomora/views/pages/Auth/sign_in_page.dart,1,16,16,0,0,0,0,0,1,16,16,0
SignUpView,package:roomora/views/pages/Auth/sign_up_page.dart,1,16,16,0,0,0,0,0,1,16,16,0
RoomoraApp,package:roomora/main.dart,1,16,16,0,0,0,0,0,1,16,16,0
_Empty,package:rxdart/src/utils/empty.dart,1,16,16,0,0,0,0,0,1,16,16,0
MapPage,package:roomora/views/pages/map_page.dart,1,16,16,0,0,0,0,0,1,16,16,0
_JNullReference,package:jni/src/jreference.dart,1,16,16,0,0,0,0,0,1,16,16,0
AlreadySubscribedException,package:geolocator_platform_interface/src/errors/already_subscribed_exception.dart,1,16,16,0,0,0,0,0,1,16,16,0
BackendManager,package:hive/src/backend/vm/backend_manager.dart,1,16,16,0,0,0,0,0,1,16,16,0
JObject,package:jni/src/jobject.dart,1,16,16,0,0,0,0,0,1,16,16,0
LandlordProfilePage,package:roomora/views/pages/landlord_profile_page.dart,1,16,16,0,0,0,0,0,1,16,16,0
$JString$Type$,package:jni/src/core_bindings.dart,1,16,16,0,0,0,0,0,1,16,16,0
jbooleanType,package:jni/src/types.dart,1,16,16,0,0,0,0,0,1,16,16,0
Epoch,package:clerk_auth/src/utils/extensions.dart,1,16,16,0,0,0,0,0,1,16,16,0
jintType,package:jni/src/types.dart,1,16,16,0,0,0,0,0,1,16,16,0
DefaultHttpService,package:clerk_auth/src/clerk_auth/http_service.dart,1,16,16,0,0,0,0,0,1,16,16,0
ClerkSdkFlags,package:clerk_flutter/src/utils/clerk_sdk_flags.dart,1,16,16,0,0,0,0,0,1,16,16,0
ExternalErrorCollection,package:clerk_auth/src/models/api/external_error.dart,1,16,16,0,0,0,0,0,1,16,16,0
UnicodeGlyphSet,package:term_glyph/src/generated/unicode_glyph_set.dart,1,16,16,0,0,0,0,0,1,16,16,0
Uuid,package:uuid/uuid.dart,1,16,16,0,0,0,0,0,1,16,16,0
ClerkSdkLocalizationsEn,package:clerk_flutter/generated/clerk_sdk_localizations_en.dart,1,16,16,0,0,0,0,0,1,16,16,0
_UpdateLock,package:clerk_flutter/src/clerk_auth_state.dart,1,16,16,0,0,0,0,0,1,16,16,0
ClerkSdkGrammarEn,package:clerk_flutter/src/utils/clerk_sdk_grammar.dart,1,16,16,0,0,0,0,0,1,16,16,0
Clock,package:clock/src/clock.dart,1,16,16,0,0,0,0,0,1,16,16,0
AndroidFlutterLocalNotificationsPlugin,package:flutter_local_notifications/src/platform_flutter_local_notifications.dart,1,16,16,0,0,0,0,0,1,16,16,0
GeolocatorAndroid,package:geolocator_android/src/geolocator_android.dart,1,16,16,0,0,0,0,0,1,16,16,0
LocalFileSystem,package:file/src/backends/local/local_file_system.dart,1,16,16,0,0,0,0,0,1,16,16,0
ApiService,package:roomora/services/api_service.dart,1,16,16,0,0,0,0,0,1,16,16,0
AndroidInitializationSettings,package:flutter_local_notifications/src/platform_specifics/android/initialization_settings.dart,1,16,16,0,0,0,0,0,1,16,16,0
SphericalMercator,package:flutter_map/src/geo/crs.dart,1,16,16,0,0,0,0,0,1,16,16,0
UnconstrainedCamera,package:flutter_map/src/map/camera/camera_constraint.dart,1,16,16,0,0,0,0,0,1,16,16,0
LandingView,package:roomora/views/pages/landing_page.dart,1,16,16,0,0,0,0,0,1,16,16,0
LocationServiceDisabledException,package:geolocator_platform_interface/src/errors/location_service_disabled_exception.dart,1,16,16,0,0,0,0,0,1,16,16,0
